Team,W,L,W-L%,PF,PA,PD,MoV,SoS,SRS,OSRS,DSRS,Conference,Season,T
NWE,10,6,.625,379,338,41,2.6,0.6,3.1,3.7,-0.5,AFC,2005,
MIA,9,7,.563,318,317,1,0.1,-0.8,-0.8,-1.1,0.3,AFC,2005,
BUF,5,11,.313,271,367,-96,-6.0,0.2,-5.8,-4.0,-1.8,AFC,2005,
NYJ,4,12,.250,240,355,-115,-7.2,0.8,-6.4,-5.2,-1.2,AFC,2005,
CIN,11,5,.688,421,350,71,4.4,-0.6,3.8,6.5,-2.7,AFC,2005,
PIT,11,5,.688,389,258,131,8.2,-0.4,7.8,3.8,4.0,AFC,2005,
BAL,6,10,.375,265,299,-34,-2.1,0.3,-1.8,-3.5,1.7,AFC,2005,
CLE,6,10,.375,232,301,-69,-4.3,0.1,-4.2,-6.0,1.7,AFC,2005,
IND,14,2,.875,439,247,192,12.0,-1.2,10.8,5.6,5.2,AFC,2005,
JAX,12,4,.750,361,269,92,5.8,-1.0,4.8,1.1,3.7,AFC,2005,
TEN,4,12,.250,299,421,-122,-7.6,0.1,-7.6,-2.0,-5.5,AFC,2005,
HOU,2,14,.125,260,431,-171,-10.7,0.7,-10.0,-4.4,-5.7,AFC,2005,
DEN,13,3,.813,395,258,137,8.6,2.2,10.8,5.0,5.8,AFC,2005,
KAN,10,6,.625,403,325,78,4.9,2.1,7.0,5.1,1.9,AFC,2005,
SDG,9,7,.563,418,312,106,6.6,3.3,9.9,7.1,2.9,AFC,2005,
OAK,4,12,.250,290,383,-93,-5.8,3.0,-2.8,-1.2,-1.6,AFC,2005,
NYG,11,5,.688,422,314,108,6.8,0.7,7.5,5.8,1.7,NFC,2005,
WAS,10,6,.625,359,293,66,4.1,1.9,6.0,2.6,3.4,NFC,2005,
DAL,9,7,.563,325,308,17,1.1,2.1,3.2,-0.1,3.2,NFC,2005,
PHI,6,10,.375,310,388,-78,-4.9,2.6,-2.3,-0.7,-1.7,NFC,2005,
CHI,11,5,.688,260,202,58,3.6,-2.2,1.4,-5.2,6.6,NFC,2005,
MIN,9,7,.563,306,344,-38,-2.4,-1.1,-3.5,-1.4,-2.1,NFC,2005,
DET,5,11,.313,254,345,-91,-5.7,-1.0,-6.7,-4.3,-2.4,NFC,2005,
GNB,4,12,.250,298,344,-46,-2.9,-0.8,-3.7,-1.5,-2.2,NFC,2005,
TAM,11,5,.688,300,274,26,1.6,-2.6,-1.0,-2.8,1.8,NFC,2005,
CAR,11,5,.688,391,259,132,8.3,-3.2,5.1,3.0,2.1,NFC,2005,
ATL,8,8,.500,351,341,10,0.6,-1.9,-1.2,1.1,-2.3,NFC,2005,
NOR,3,13,.188,235,398,-163,-10.2,-0.9,-11.1,-6.2,-4.9,NFC,2005,
SEA,13,3,.813,452,271,181,11.3,-2.2,9.1,5.8,3.4,NFC,2005,
STL,6,10,.375,363,429,-66,-4.1,-1.0,-5.1,1.3,-6.4,NFC,2005,
ARI,5,11,.313,311,387,-76,-4.8,-0.2,-5.0,-2.0,-3.0,NFC,2005,
SFO,4,12,.250,239,428,-189,-11.8,0.7,-11.1,-5.6,-5.5,NFC,2005,
NWE,12,4,.750,385,237,148,9.3,1.0,10.2,4.3,5.9,AFC,2006,
NYJ,10,6,.625,316,295,21,1.3,0.7,2.0,0.4,1.7,AFC,2006,
BUF,7,9,.438,300,311,-11,-0.7,2.9,2.2,-0.2,2.4,AFC,2006,
MIA,6,10,.375,260,283,-23,-1.4,2.1,0.7,-3.3,4.0,AFC,2006,
BAL,13,3,.813,353,201,152,9.5,-0.2,9.3,1.5,7.8,AFC,2006,
CIN,8,8,.500,373,331,42,2.6,1.5,4.1,4.0,0.0,AFC,2006,
PIT,8,8,.500,353,315,38,2.4,1.0,3.4,3.0,0.4,AFC,2006,
CLE,4,12,.250,238,356,-118,-7.4,1.5,-5.8,-4.5,-1.3,AFC,2006,
IND,12,4,.750,427,360,67,4.2,1.7,5.9,6.9,-1.1,AFC,2006,
TEN,8,8,.500,324,400,-76,-4.8,3.5,-1.3,1.0,-2.3,AFC,2006,
JAX,8,8,.500,371,274,97,6.1,1.4,7.5,2.6,4.9,AFC,2006,
HOU,6,10,.375,267,366,-99,-6.2,1.7,-4.5,-3.2,-1.3,AFC,2006,
SDG,14,2,.875,492,303,189,11.8,-1.6,10.2,10.0,0.2,AFC,2006,
KAN,9,7,.563,331,315,16,1.0,0.0,1.0,0.4,0.6,AFC,2006,
DEN,9,7,.563,319,305,14,0.9,0.4,1.3,-0.8,2.1,AFC,2006,
OAK,2,14,.125,168,332,-164,-10.3,0.6,-9.6,-10.3,0.7,AFC,2006,
PHI,10,6,.625,398,328,70,4.4,-1.0,3.4,3.2,0.2,NFC,2006,
DAL,9,7,.563,425,350,75,4.7,-1.0,3.7,5.0,-1.3,NFC,2006,
NYG,8,8,.500,355,362,-7,-0.4,0.5,0.1,1.2,-1.1,NFC,2006,
WAS,5,11,.313,307,376,-69,-4.3,0.3,-4.0,-2.1,-2.0,NFC,2006,
CHI,13,3,.813,427,255,172,10.8,-2.9,7.9,4.9,3.0,NFC,2006,
GNB,8,8,.500,301,366,-65,-4.1,-0.4,-4.4,-2.3,-2.1,NFC,2006,
MIN,6,10,.375,282,327,-45,-2.8,-1.3,-4.1,-3.7,-0.4,NFC,2006,
DET,3,13,.188,305,398,-93,-5.8,-0.5,-6.4,-1.8,-4.6,NFC,2006,
NOR,10,6,.625,413,322,91,5.7,-1.6,4.0,4.9,-0.9,NFC,2006,
CAR,8,8,.500,270,305,-35,-2.2,-0.5,-2.7,-4.2,1.5,NFC,2006,
ATL,7,9,.438,292,328,-36,-2.3,-0.8,-3.0,-2.8,-0.2,NFC,2006,
TAM,4,12,.250,211,353,-142,-8.9,0.9,-7.9,-7.2,-0.8,NFC,2006,
SEA,9,7,.563,335,341,-6,-0.4,-3.2,-3.6,-1.7,-1.9,NFC,2006,
STL,8,8,.500,367,381,-14,-0.9,-3.1,-4.0,0.8,-4.7,NFC,2006,
SFO,7,9,.438,298,412,-114,-7.1,-1.6,-8.7,-3.5,-5.2,NFC,2006,
ARI,5,11,.313,314,389,-75,-4.7,-2.2,-6.9,-2.6,-4.3,NFC,2006,
NWE,16,0,1.000,589,274,315,19.7,0.4,20.1,15.9,4.2,AFC,2007,
BUF,7,9,.438,252,354,-102,-6.4,2.3,-4.1,-5.6,1.5,AFC,2007,
NYJ,4,12,.250,268,355,-87,-5.4,1.7,-3.7,-4.0,0.3,AFC,2007,
MIA,1,15,.063,267,437,-170,-10.6,2.3,-8.4,-4.1,-4.2,AFC,2007,
PIT,10,6,.625,393,269,124,7.8,-2.5,5.2,0.9,4.3,AFC,2007,
CLE,10,6,.625,402,382,20,1.3,-2.3,-1.1,2.2,-3.3,AFC,2007,
CIN,7,9,.438,380,385,-5,-0.3,-2.1,-2.4,1.6,-4.0,AFC,2007,
BAL,5,11,.313,275,384,-109,-6.8,0.1,-6.7,-5.0,-1.8,AFC,2007,
IND,13,3,.813,450,262,188,11.8,0.3,12.0,6.6,5.4,AFC,2007,
JAX,11,5,.688,411,304,107,6.7,0.1,6.8,4.8,2.0,AFC,2007,
TEN,10,6,.625,301,297,4,0.3,0.5,0.7,-2.9,3.6,AFC,2007,
HOU,8,8,.500,379,384,-5,-0.3,0.3,0.0,2.5,-2.5,AFC,2007,
SDG,11,5,.688,412,284,128,8.0,0.8,8.8,4.3,4.5,AFC,2007,
DEN,7,9,.438,320,409,-89,-5.6,1.6,-3.9,-0.2,-3.8,AFC,2007,
KAN,4,12,.250,226,335,-109,-6.8,1.4,-5.5,-7.4,1.9,AFC,2007,
OAK,4,12,.250,283,398,-115,-7.2,1.2,-6.0,-3.5,-2.5,AFC,2007,
DAL,13,3,.813,455,325,130,8.1,1.3,9.5,7.8,1.7,NFC,2007,
NYG,10,6,.625,373,351,22,1.4,1.9,3.3,2.8,0.4,NFC,2007,
WAS,9,7,.563,334,310,24,1.5,3.0,4.5,0.2,4.3,NFC,2007,
PHI,8,8,.500,336,300,36,2.3,3.0,5.3,0.1,5.1,NFC,2007,
GNB,13,3,.813,435,291,144,9.0,0.0,9.0,5.7,3.3,NFC,2007,
MIN,8,8,.500,365,311,54,3.4,0.4,3.8,1.4,2.4,NFC,2007,
DET,7,9,.438,346,444,-98,-6.1,2.6,-3.6,1.4,-5.0,NFC,2007,
CHI,7,9,.438,334,348,-14,-0.9,2.1,1.2,-0.2,1.4,NFC,2007,
TAM,9,7,.563,334,270,64,4.0,-2.8,1.2,-2.3,3.6,NFC,2007,
CAR,7,9,.438,267,347,-80,-5.0,-0.8,-5.8,-5.7,-0.1,NFC,2007,
NOR,7,9,.438,379,388,-9,-0.6,-2.0,-2.5,1.9,-4.5,NFC,2007,
ATL,4,12,.250,259,414,-155,-9.7,-0.9,-10.6,-5.8,-4.8,NFC,2007,
SEA,10,6,.625,393,291,102,6.4,-4.6,1.8,0.8,0.9,NFC,2007,
ARI,8,8,.500,404,399,5,0.3,-4.3,-3.9,1.9,-5.9,NFC,2007,
SFO,5,11,.313,219,364,-145,-9.1,-2.9,-11.9,-9.9,-2.0,NFC,2007,
STL,3,13,.188,263,438,-175,-10.9,-2.0,-13.0,-6.5,-6.5,NFC,2007,
MIA,11,5,.688,345,317,28,1.8,-2.3,-0.5,-2.4,1.8,AFC,2008,0
NWE,11,5,.688,410,309,101,6.3,-2.4,3.9,2.3,1.6,AFC,2008,0
NYJ,9,7,.563,405,356,49,3.1,-2.8,0.2,2.2,-1.9,AFC,2008,0
BUF,7,9,.438,336,342,-6,-0.4,-3.0,-3.3,-2.8,-0.6,AFC,2008,0
PIT,12,4,.750,347,223,124,7.8,2.0,9.8,1.6,8.2,AFC,2008,0
BAL,11,5,.688,385,244,141,8.8,1.0,9.8,4.2,5.6,AFC,2008,0
CIN,4,11,.281,204,364,-160,-10.0,3.0,-7.0,-6.9,-0.1,AFC,2008,1
CLE,4,12,.250,232,350,-118,-7.4,2.7,-4.6,-5.2,0.6,AFC,2008,0
TEN,13,3,.813,375,234,141,8.8,0.1,8.9,1.5,7.5,AFC,2008,0
IND,12,4,.750,377,298,79,4.9,1.6,6.5,2.6,3.9,AFC,2008,0
HOU,8,8,.500,366,394,-28,-1.8,1.4,-0.4,2.8,-3.2,AFC,2008,0
JAX,5,11,.313,302,367,-65,-4.1,1.6,-2.5,-2.1,-0.4,AFC,2008,0
SDG,8,8,.500,439,347,92,5.8,-0.8,5.0,5.0,0.0,AFC,2008,0
DEN,8,8,.500,370,448,-78,-4.9,-0.9,-5.8,0.7,-6.5,AFC,2008,0
OAK,5,11,.313,263,388,-125,-7.8,0.3,-7.5,-6.5,-1.0,AFC,2008,0
KAN,2,14,.125,291,440,-149,-9.3,0.1,-9.2,-3.9,-5.3,AFC,2008,0
NYG,12,4,.750,427,294,133,8.3,0.1,8.4,5.5,2.8,NFC,2008,0
PHI,9,6,.594,416,289,127,7.9,-0.1,7.8,4.7,3.2,NFC,2008,1
DAL,9,7,.563,362,365,-3,-0.2,0.8,0.6,1.7,-1.2,NFC,2008,0
WAS,8,8,.500,265,296,-31,-1.9,0.2,-1.8,-5.8,4.1,NFC,2008,0
MIN,10,6,.625,379,333,46,2.9,1.2,4.0,1.1,2.9,NFC,2008,0
CHI,9,7,.563,375,350,25,1.6,0.5,2.1,1.1,1.0,NFC,2008,0
GNB,6,10,.375,419,380,39,2.4,0.5,2.9,4.1,-1.2,NFC,2008,0
DET,0,16,.000,268,517,-249,-15.6,2.5,-13.1,-4.0,-9.1,NFC,2008,0
CAR,12,4,.750,414,329,85,5.3,0.3,5.6,2.8,2.9,NFC,2008,0
ATL,11,5,.688,391,325,66,4.1,-0.3,3.8,1.3,2.5,NFC,2008,0
TAM,9,7,.563,361,323,38,2.4,-0.1,2.3,-0.6,2.9,NFC,2008,0
NOR,8,8,.500,463,393,70,4.4,-0.3,4.0,6.8,-2.8,NFC,2008,0
ARI,9,7,.563,427,426,1,0.1,-1.9,-1.9,4.1,-6.0,NFC,2008,0
SFO,7,9,.438,339,381,-42,-2.6,-2.7,-5.3,-2.9,-2.4,NFC,2008,0
SEA,4,12,.250,294,392,-98,-6.1,-1.5,-7.6,-4.9,-2.8,NFC,2008,0
STL,2,14,.125,232,465,-233,-14.6,-0.5,-15.1,-8.1,-7.0,NFC,2008,0
NWE,10,6,.625,427,285,142,8.9,2.3,11.2,6.7,4.5,AFC,2009,
NYJ,9,7,.563,348,236,112,7.0,1.6,8.6,1.1,7.5,AFC,2009,
MIA,7,9,.438,360,390,-30,-1.9,3.6,1.7,2.9,-1.2,AFC,2009,
BUF,6,10,.375,258,326,-68,-4.3,2.4,-1.8,-4.5,2.7,AFC,2009,
CIN,10,6,.625,305,291,14,0.9,-0.2,0.7,-2.5,3.2,AFC,2009,
BAL,9,7,.563,391,261,130,8.1,-0.7,7.5,2.6,4.9,AFC,2009,
PIT,9,7,.563,368,324,44,2.8,-1.1,1.7,1.0,0.7,AFC,2009,
CLE,5,11,.313,245,375,-130,-8.1,-0.3,-8.4,-6.0,-2.4,AFC,2009,
IND,14,2,.875,416,307,109,6.8,-0.9,5.9,4.4,1.5,AFC,2009,
HOU,9,7,.563,388,333,55,3.4,-1.5,2.0,2.7,-0.7,AFC,2009,
TEN,8,8,.500,354,402,-48,-3.0,0.2,-2.8,0.9,-3.6,AFC,2009,
JAX,7,9,.438,290,380,-90,-5.6,-0.9,-6.5,-3.8,-2.6,AFC,2009,
SDG,13,3,.813,454,320,134,8.4,-1.7,6.6,6.4,0.2,AFC,2009,
DEN,8,8,.500,326,324,2,0.1,0.2,0.3,-1.0,1.3,AFC,2009,
OAK,5,11,.313,197,379,-182,-11.4,1.1,-10.3,-8.7,-1.6,AFC,2009,
KAN,4,12,.250,294,424,-130,-8.1,-0.3,-8.4,-2.5,-5.9,AFC,2009,
DAL,11,5,.688,361,250,111,6.9,0.2,7.1,0.4,6.7,NFC,2009,
PHI,11,5,.688,429,337,92,5.8,0.2,6.0,5.8,0.2,NFC,2009,
NYG,8,8,.500,402,427,-25,-1.6,1.6,0.1,4.6,-4.5,NFC,2009,
WAS,4,12,.250,266,336,-70,-4.4,-0.2,-4.6,-5.5,1.0,NFC,2009,
MIN,12,4,.750,470,312,158,9.9,-2.7,7.2,6.6,0.6,NFC,2009,
GNB,11,5,.688,461,297,164,10.3,-2.9,7.4,6.3,1.1,NFC,2009,
CHI,7,9,.438,327,375,-48,-3.0,-0.9,-3.9,-1.9,-2.0,NFC,2009,
DET,2,14,.125,262,494,-232,-14.5,0.1,-14.4,-5.2,-9.2,NFC,2009,
NOR,13,3,.813,510,341,169,10.6,0.2,10.8,11.2,-0.5,NFC,2009,
ATL,9,7,.563,363,325,38,2.4,2.7,5.0,2.7,2.3,NFC,2009,
CAR,8,8,.500,315,308,7,0.4,3.5,3.9,-0.6,4.5,NFC,2009,
TAM,3,13,.188,244,400,-156,-9.8,4.1,-5.6,-4.6,-1.1,NFC,2009,
ARI,10,6,.625,375,325,50,3.1,-3.4,-0.3,0.1,-0.4,NFC,2009,
SFO,8,8,.500,330,281,49,3.1,-3.0,0.1,-2.9,3.0,NFC,2009,
SEA,5,11,.313,280,390,-110,-6.9,-2.4,-9.3,-5.0,-4.4,NFC,2009,
STL,1,15,.063,175,436,-261,-16.3,-1.1,-17.4,-11.7,-5.8,NFC,2009,
NWE,14,2,.875,518,313,205,12.8,2.6,15.4,12.6,2.8,AFC,2010,
NYJ,11,5,.688,367,304,63,3.9,2.5,6.5,2.2,4.2,AFC,2010,
MIA,7,9,.438,273,333,-60,-3.8,4.1,0.3,-2.8,3.1,AFC,2010,
BUF,4,12,.250,283,425,-142,-8.9,4.3,-4.6,-1.5,-3.1,AFC,2010,
PIT,12,4,.750,375,232,143,8.9,1.3,10.2,2.5,7.7,AFC,2010,
BAL,12,4,.750,357,270,87,5.4,1.0,6.4,0.9,5.5,AFC,2010,
CLE,5,11,.313,271,332,-61,-3.8,2.3,-1.5,-3.4,2.0,AFC,2010,
CIN,4,12,.250,322,395,-73,-4.6,3.1,-1.4,0.4,-1.9,AFC,2010,
IND,10,6,.625,435,388,47,2.9,-0.1,2.9,3.7,-0.9,AFC,2010,
JAX,8,8,.500,353,419,-66,-4.1,-0.4,-4.5,-1.2,-3.3,AFC,2010,
HOU,6,10,.375,390,427,-37,-2.3,0.5,-1.8,1.8,-3.7,AFC,2010,
TEN,6,10,.375,356,339,17,1.1,0.0,1.0,-0.9,1.9,AFC,2010,
KAN,10,6,.625,366,326,40,2.5,-3.2,-0.7,-1.5,0.8,AFC,2010,
SDG,9,7,.563,441,322,119,7.4,-2.6,4.8,3.2,1.6,AFC,2010,
OAK,8,8,.500,410,371,39,2.4,-2.3,0.2,2.3,-2.2,AFC,2010,
DEN,4,12,.250,344,471,-127,-7.9,-1.0,-8.9,-1.1,-7.8,AFC,2010,
PHI,10,6,.625,439,377,62,3.9,0.3,4.2,5.4,-1.2,NFC,2010,
NYG,10,6,.625,394,347,47,2.9,-0.8,2.1,1.7,0.4,NFC,2010,
DAL,6,10,.375,394,436,-42,-2.6,0.5,-2.2,2.5,-4.7,NFC,2010,
WAS,6,10,.375,302,377,-75,-4.7,0.9,-3.8,-3.4,-0.5,NFC,2010,
CHI,11,5,.688,334,286,48,3.0,1.1,4.1,-0.6,4.7,NFC,2010,
GNB,10,6,.625,388,240,148,9.3,1.7,10.9,3.1,7.9,NFC,2010,
DET,6,10,.375,362,369,-7,-0.4,2.3,1.9,2.4,-0.5,NFC,2010,
MIN,6,10,.375,281,348,-67,-4.2,2.6,-1.6,-3.3,1.7,NFC,2010,
ATL,13,3,.813,414,288,126,7.9,-1.8,6.1,3.8,2.2,NFC,2010,
NOR,11,5,.688,384,307,77,4.8,-2.5,2.3,1.5,0.8,NFC,2010,
TAM,10,6,.625,341,318,23,1.4,-2.0,-0.6,-1.0,0.4,NFC,2010,
CAR,2,14,.125,196,408,-212,-13.3,0.1,-13.2,-9.1,-4.1,NFC,2010,
SEA,7,9,.438,310,407,-97,-6.1,-3.4,-9.4,-3.9,-5.5,NFC,2010,
STL,7,9,.438,289,328,-39,-2.4,-4.2,-6.7,-6.3,-0.4,NFC,2010,
SFO,6,10,.375,305,346,-41,-2.6,-3.3,-5.8,-4.7,-1.1,NFC,2010,
ARI,5,11,.313,289,434,-145,-9.1,-3.6,-12.7,-5.6,-7.1,NFC,2010,
NWE,13,3,.813,513,342,171,10.7,-1.4,9.3,9.4,-0.1,AFC,2011,
NYJ,8,8,.500,377,363,14,0.9,0.0,0.9,1.2,-0.3,AFC,2011,
MIA,6,10,.375,329,313,16,1.0,-0.1,0.9,-2.2,3.2,AFC,2011,
BUF,6,10,.375,372,434,-62,-3.9,0.5,-3.4,1.2,-4.5,AFC,2011,
BAL,12,4,.750,378,266,112,7.0,-0.9,6.1,2.6,3.5,AFC,2011,
PIT,12,4,.750,325,227,98,6.1,-0.8,5.3,-0.8,6.0,AFC,2011,
CIN,9,7,.563,344,323,21,1.3,-0.9,0.5,0.7,-0.2,AFC,2011,
CLE,4,12,.250,218,307,-89,-5.6,0.2,-5.4,-7.2,1.8,AFC,2011,
HOU,10,6,.625,381,278,103,6.4,-1.9,4.5,1.4,3.2,AFC,2011,
TEN,9,7,.563,325,317,8,0.5,-1.5,-1.0,-2.2,1.2,AFC,2011,
JAX,5,11,.313,243,329,-86,-5.4,-0.3,-5.6,-7.1,1.4,AFC,2011,
IND,2,14,.125,243,430,-187,-11.7,0.4,-11.3,-6.0,-5.3,AFC,2011,
DEN,8,8,.500,309,390,-81,-5.1,-0.2,-5.3,-3.6,-1.7,AFC,2011,
SDG,8,8,.500,406,377,29,1.8,-0.9,0.9,2.7,-1.8,AFC,2011,
OAK,8,8,.500,359,433,-74,-4.6,-0.3,-4.9,0.2,-5.1,AFC,2011,
KAN,7,9,.438,212,338,-126,-7.9,-0.2,-8.1,-10.2,2.1,AFC,2011,
NYG,9,7,.563,394,400,-6,-0.4,2.0,1.6,3.1,-1.5,NFC,2011,
PHI,8,8,.500,396,328,68,4.3,0.5,4.7,3.1,1.7,NFC,2011,
DAL,8,8,.500,369,347,22,1.4,0.3,1.6,0.7,0.9,NFC,2011,
WAS,5,11,.313,288,367,-79,-4.9,0.8,-4.1,-4.3,0.2,NFC,2011,
GNB,15,1,.938,560,359,201,12.6,-1.2,11.4,11.5,-0.1,NFC,2011,
DET,10,6,.625,474,387,87,5.4,0.6,6.1,6.9,-0.8,NFC,2011,
CHI,8,8,.500,353,341,12,0.8,0.9,1.7,-1.5,3.1,NFC,2011,
MIN,3,13,.188,340,449,-109,-6.8,1.1,-5.7,-1.6,-4.1,NFC,2011,
NOR,13,3,.813,547,339,208,13.0,-1.6,11.4,10.6,0.8,NFC,2011,
ATL,10,6,.625,402,350,52,3.3,0.3,3.5,1.8,1.7,NFC,2011,
CAR,6,10,.375,406,429,-23,-1.4,0.1,-1.3,2.6,-3.9,NFC,2011,
TAM,4,12,.250,287,494,-207,-12.9,2.3,-10.6,-4.0,-6.6,NFC,2011,
SFO,13,3,.813,380,229,151,9.4,-1.1,8.3,1.7,6.6,NFC,2011,
ARI,8,8,.500,312,348,-36,-2.3,0.0,-2.2,-1.7,-0.5,NFC,2011,
SEA,7,9,.438,321,315,6,0.4,0.4,0.8,-0.5,1.3,NFC,2011,
STL,2,14,.125,193,407,-214,-13.4,2.9,-10.4,-8.4,-2.1,NFC,2011,
NWE,12,4,.750,557,331,226,14.1,-1.4,12.8,12.2,0.5,AFC,2012,0
MIA,7,9,.438,288,317,-29,-1.8,-0.8,-2.6,-5.5,2.9,AFC,2012,0
NYJ,6,10,.375,281,375,-94,-5.9,0.0,-5.9,-5.1,-0.9,AFC,2012,0
BUF,6,10,.375,344,435,-91,-5.7,-1.0,-6.7,-0.9,-5.8,AFC,2012,0
BAL,10,6,.625,398,344,54,3.4,-0.5,2.9,1.9,1.0,AFC,2012,0
CIN,10,6,.625,391,320,71,4.4,-2.4,2.1,1.2,0.9,AFC,2012,0
PIT,8,8,.500,336,314,22,1.4,-2.0,-0.7,-2.8,2.1,AFC,2012,0
CLE,5,11,.313,302,368,-66,-4.1,-1.2,-5.3,-4.6,-0.7,AFC,2012,0
HOU,12,4,.750,416,331,85,5.3,-1.8,3.5,1.8,1.7,AFC,2012,0
IND,11,5,.688,357,387,-30,-1.9,-2.8,-4.7,-1.9,-2.8,AFC,2012,0
TEN,6,10,.375,330,471,-141,-8.8,-1.2,-10.0,-2.6,-7.4,AFC,2012,0
JAX,2,14,.125,255,444,-189,-11.8,-1.1,-13.0,-8.1,-4.9,AFC,2012,0
DEN,13,3,.813,481,289,192,12.0,-1.9,10.1,6.3,3.8,AFC,2012,0
SDG,7,9,.438,350,350,0,0.0,-2.3,-2.3,-2.0,-0.4,AFC,2012,0
OAK,4,12,.250,290,443,-153,-9.6,-1.3,-10.8,-4.6,-6.2,AFC,2012,0
KAN,2,14,.125,211,425,-214,-13.4,-0.6,-14.0,-10.3,-3.7,AFC,2012,0
WAS,10,6,.625,436,388,48,3.0,0.4,3.4,4.6,-1.2,NFC,2012,0
NYG,9,7,.563,429,344,85,5.3,0.9,6.2,4.0,2.2,NFC,2012,0
DAL,8,8,.500,376,400,-24,-1.5,1.8,0.3,1.4,-1.2,NFC,2012,0
PHI,4,12,.250,280,444,-164,-10.3,1.4,-8.9,-5.3,-3.6,NFC,2012,0
GNB,11,5,.688,433,336,97,6.1,1.2,7.3,4.9,2.4,NFC,2012,0
MIN,10,6,.625,379,348,31,1.9,1.4,3.4,1.6,1.8,NFC,2012,0
CHI,10,6,.625,375,277,98,6.1,0.8,6.9,1.0,6.0,NFC,2012,0
DET,4,12,.250,372,437,-65,-4.1,1.8,-2.3,2.1,-4.4,NFC,2012,0
ATL,13,3,.813,419,299,120,7.5,-1.1,6.4,2.0,4.5,NFC,2012,0
CAR,7,9,.438,357,363,-6,-0.4,1.2,0.8,-0.5,1.3,NFC,2012,0
NOR,7,9,.438,461,454,7,0.4,1.0,1.4,6.5,-5.1,NFC,2012,0
TAM,7,9,.438,389,394,-5,-0.3,0.3,0.0,1.3,-1.3,NFC,2012,0
SFO,11,4,.719,397,273,124,7.8,2.5,10.2,3.5,6.7,NFC,2012,1
SEA,11,5,.688,412,245,167,10.4,1.8,12.2,4.5,7.7,NFC,2012,0
STL,7,8,.469,299,348,-49,-3.1,3.4,0.4,-2.1,2.4,NFC,2012,1
ARI,5,11,.313,250,357,-107,-6.7,3.5,-3.2,-4.8,1.6,NFC,2012,0
NWE,12,4,.750,444,338,106,6.6,-0.7,5.9,4.5,1.4,AFC,2013,0
NYJ,8,8,.500,290,387,-97,-6.1,0.0,-6.1,-4.7,-1.4,AFC,2013,0
MIA,8,8,.500,317,335,-18,-1.1,0.3,-0.8,-2.9,2.1,AFC,2013,0
BUF,6,10,.375,339,388,-49,-3.1,-0.1,-3.2,-1.3,-1.9,AFC,2013,0
CIN,11,5,.688,430,305,125,7.8,-2.5,5.4,2.3,3.0,AFC,2013,0
PIT,8,8,.500,379,370,9,0.6,-2.5,-2.0,-0.9,-1.0,AFC,2013,0
BAL,8,8,.500,320,352,-32,-2.0,-1.5,-3.5,-5.0,1.4,AFC,2013,0
CLE,4,12,.250,308,406,-98,-6.1,-1.6,-7.7,-4.8,-2.9,AFC,2013,0
IND,11,5,.688,391,336,55,3.4,0.6,4.0,1.7,2.3,AFC,2013,0
TEN,7,9,.438,362,381,-19,-1.2,0.4,-0.8,-0.2,-0.6,AFC,2013,0
JAX,4,12,.250,247,449,-202,-12.6,1.5,-11.1,-7.1,-4.0,AFC,2013,0
HOU,2,14,.125,276,428,-152,-9.5,1.9,-7.6,-5.0,-2.6,AFC,2013,0
DEN,13,3,.813,606,399,207,12.9,-1.6,11.4,14.1,-2.7,AFC,2013,0
KAN,11,5,.688,430,305,125,7.8,-1.7,6.1,1.7,4.3,AFC,2013,0
SDG,9,7,.563,396,348,48,3.0,-0.3,2.7,0.5,2.1,AFC,2013,0
OAK,4,12,.250,322,453,-131,-8.2,0.2,-8.0,-3.8,-4.2,AFC,2013,0
PHI,10,6,.625,442,382,60,3.8,-1.9,1.9,2.3,-0.5,NFC,2013,0
DAL,8,8,.500,439,432,7,0.4,-1.1,-0.7,2.7,-3.4,NFC,2013,0
NYG,7,9,.438,294,383,-89,-5.6,0.2,-5.4,-6.2,0.8,NFC,2013,0
WAS,3,13,.188,334,478,-144,-9.0,-0.3,-9.3,-3.9,-5.4,NFC,2013,0
GNB,8,7,.531,417,428,-11,-0.7,-2.4,-3.1,0.5,-3.6,NFC,2013,1
CHI,8,8,.500,445,478,-33,-2.1,-2.1,-4.1,3.0,-7.1,NFC,2013,0
DET,7,9,.438,395,376,19,1.2,-2.8,-1.6,-1.2,-0.5,NFC,2013,0
MIN,5,10,.344,391,480,-89,-5.6,-1.1,-6.6,0.2,-6.9,NFC,2013,1
CAR,12,4,.750,366,241,125,7.8,1.4,9.2,0.6,8.6,NFC,2013,0
NOR,11,5,.688,414,304,110,6.9,1.9,8.8,3.8,5.0,NFC,2013,0
ATL,4,12,.250,353,443,-90,-5.6,2.9,-2.8,1.2,-3.9,NFC,2013,0
TAM,4,12,.250,288,389,-101,-6.3,3.6,-2.7,-2.9,0.3,NFC,2013,0
SEA,13,3,.813,417,231,186,11.6,1.4,13.0,4.1,8.9,NFC,2013,0
SFO,12,4,.750,406,272,134,8.4,1.8,10.1,3.5,6.6,NFC,2013,0
ARI,10,6,.625,379,324,55,3.4,3.0,6.4,2.7,3.7,NFC,2013,0
STL,7,9,.438,348,364,-16,-1.0,3.2,2.2,0.4,1.8,NFC,2013,0
NWE,12,4,.750,468,313,155,9.7,1.3,10.9,7.5,3.5,AFC,2014,0
BUF,9,7,.563,343,289,54,3.4,1.6,4.9,-0.4,5.3,AFC,2014,0
MIA,8,8,.500,388,373,15,0.9,1.6,2.6,2.9,-0.4,AFC,2014,0
NYJ,4,12,.250,283,401,-118,-7.4,2.3,-5.0,-4.0,-1.0,AFC,2014,0
PIT,11,5,.688,436,368,68,4.3,-2.0,2.2,4.4,-2.1,AFC,2014,0
CIN,10,5,.656,365,344,21,1.3,-0.6,0.7,-0.5,1.3,AFC,2014,1
BAL,10,6,.625,409,302,107,6.7,-2.1,4.6,1.8,2.8,AFC,2014,0
CLE,7,9,.438,299,337,-38,-2.4,-1.5,-3.9,-4.8,0.9,AFC,2014,0
IND,11,5,.688,458,369,89,5.6,-1.1,4.4,5.2,-0.8,AFC,2014,0
HOU,9,7,.563,372,307,65,4.1,-2.3,1.7,-0.8,2.5,AFC,2014,0
JAX,3,13,.188,249,412,-163,-10.2,-0.3,-10.5,-7.8,-2.7,AFC,2014,0
TEN,2,14,.125,254,438,-184,-11.5,-0.3,-11.8,-7.0,-4.9,AFC,2014,0
DEN,12,4,.750,482,354,128,8.0,1.6,9.6,9.2,0.4,AFC,2014,0
KAN,9,7,.563,353,281,72,4.5,1.2,5.7,0.0,5.7,AFC,2014,0
SDG,9,7,.563,348,348,0,0.0,1.9,1.9,0.7,1.2,AFC,2014,0
OAK,3,13,.188,253,452,-199,-12.4,3.4,-9.0,-4.3,-4.7,AFC,2014,0
DAL,12,4,.750,467,352,115,7.2,-1.8,5.4,5.3,0.1,NFC,2014,0
PHI,10,6,.625,474,400,74,4.6,-0.7,3.9,6.6,-2.7,NFC,2014,0
NYG,6,10,.375,380,400,-20,-1.3,-0.4,-1.7,0.8,-2.5,NFC,2014,0
WAS,4,12,.250,301,438,-137,-8.6,-0.2,-8.7,-4.0,-4.7,NFC,2014,0
GNB,12,4,.750,486,348,138,8.6,-0.3,8.3,7.9,0.4,NFC,2014,0
DET,11,5,.688,321,282,39,2.4,-0.4,2.1,-3.2,5.2,NFC,2014,0
MIN,7,9,.438,325,343,-18,-1.1,-0.5,-1.7,-2.8,1.1,NFC,2014,0
CHI,5,11,.313,319,442,-123,-7.7,1.0,-6.7,-2.0,-4.7,NFC,2014,0
CAR,7,8,.469,339,374,-35,-2.2,-0.9,-3.1,-2.4,-0.7,NFC,2014,1
NOR,7,9,.438,401,424,-23,-1.4,-1.5,-2.9,1.9,-4.8,NFC,2014,0
ATL,6,10,.375,381,417,-36,-2.3,-1.6,-3.8,0.6,-4.4,NFC,2014,0
TAM,2,14,.125,277,410,-133,-8.3,-1.5,-9.8,-6.5,-3.3,NFC,2014,0
SEA,12,4,.750,394,254,140,8.8,0.8,9.5,2.4,7.1,NFC,2014,0
ARI,11,5,.688,310,299,11,0.7,1.3,2.0,-2.4,4.4,NFC,2014,0
SFO,8,8,.500,306,340,-34,-2.1,1.2,-1.0,-3.0,2.1,NFC,2014,0
STL,6,10,.375,324,354,-30,-1.9,1.0,-0.8,-1.2,0.4,NFC,2014,0
NWE,12,4,.750,465,315,150,9.4,-2.4,7.0,5.3,1.7,AFC,2015,
NYJ,10,6,.625,387,314,73,4.6,-3.0,1.5,-0.5,2.0,AFC,2015,
BUF,8,8,.500,379,359,20,1.3,-1.2,0.0,0.3,-0.2,AFC,2015,
MIA,6,10,.375,310,389,-79,-4.9,-1.9,-6.8,-4.7,-2.2,AFC,2015,
CIN,12,4,.750,419,279,140,8.8,1.9,10.6,4.8,5.8,AFC,2015,
PIT,10,6,.625,423,319,104,6.5,2.2,8.7,5.1,3.6,AFC,2015,
BAL,5,11,.313,328,401,-73,-4.6,2.6,-1.9,-0.7,-1.2,AFC,2015,
CLE,3,13,.188,278,432,-154,-9.6,3.5,-6.1,-3.2,-2.9,AFC,2015,
HOU,9,7,.563,339,313,26,1.6,-2.4,-0.8,-3.3,2.6,AFC,2015,
IND,8,8,.500,333,408,-75,-4.7,-2.0,-6.7,-3.1,-3.6,AFC,2015,
JAX,5,11,.313,376,448,-72,-4.5,-3.0,-7.5,-0.7,-6.9,AFC,2015,
TEN,3,13,.188,299,423,-124,-7.8,-2.8,-10.5,-5.9,-4.6,AFC,2015,
DEN,12,4,.750,355,296,59,3.7,2.1,5.8,0.3,5.5,AFC,2015,
KAN,11,5,.688,405,287,118,7.4,1.6,9.0,3.7,5.3,AFC,2015,
OAK,7,9,.438,359,399,-40,-2.5,2.3,-0.2,1.4,-1.6,AFC,2015,
SDG,4,12,.250,320,398,-78,-4.9,2.2,-2.6,-1.5,-1.1,AFC,2015,
WAS,9,7,.563,388,379,9,0.6,-2.5,-1.9,-0.2,-1.8,NFC,2015,
PHI,7,9,.438,377,430,-53,-3.3,-1.3,-4.6,-0.6,-4.0,NFC,2015,
NYG,6,10,.375,420,442,-22,-1.4,-2.2,-3.6,2.5,-6.1,NFC,2015,
DAL,4,12,.250,275,374,-99,-6.2,-0.7,-6.9,-7.0,0.1,NFC,2015,
MIN,11,5,.688,365,302,63,3.9,1.9,5.8,1.1,4.7,NFC,2015,
GNB,10,6,.625,368,323,45,2.8,2.5,5.3,2.0,3.3,NFC,2015,
DET,7,9,.438,358,400,-42,-2.6,2.4,-0.2,1.0,-1.3,NFC,2015,
CHI,6,10,.375,335,397,-62,-3.9,2.6,-1.3,-0.1,-1.2,NFC,2015,
CAR,15,1,.938,500,308,192,12.0,-3.9,8.1,6.0,2.1,NFC,2015,
ATL,8,8,.500,339,345,-6,-0.4,-3.4,-3.8,-4.0,0.3,NFC,2015,
NOR,7,9,.438,408,476,-68,-4.3,-2.3,-6.6,1.1,-7.6,NFC,2015,
TAM,6,10,.375,342,417,-75,-4.7,-3.0,-7.7,-3.5,-4.2,NFC,2015,
ARI,13,3,.813,489,313,176,11.0,1.3,12.3,9.0,3.4,NFC,2015,
SEA,10,6,.625,423,277,146,9.1,2.2,11.3,5.4,6.0,NFC,2015,
STL,7,9,.438,280,330,-50,-3.1,3.0,-0.2,-3.8,3.6,NFC,2015,
SFO,5,11,.313,238,387,-149,-9.3,3.8,-5.5,-6.0,0.5,NFC,2015,
NWE,14,2,.875,441,250,191,11.9,-2.7,9.3,4.3,5.0,AFC,2016,0
MIA,10,6,.625,363,380,-17,-1.1,-1.3,-2.4,-0.6,-1.8,AFC,2016,0
BUF,7,9,.438,399,378,21,1.3,-1.6,-0.3,1.8,-2.2,AFC,2016,0
NYJ,5,11,.313,275,409,-134,-8.4,-0.1,-8.5,-5.5,-3.0,AFC,2016,0
PIT,11,5,.688,399,327,72,4.5,0.2,4.7,2.8,2.0,AFC,2016,0
BAL,8,8,.500,343,321,22,1.4,0.2,1.5,-1.1,2.6,AFC,2016,0
CIN,6,9,.406,325,315,10,0.6,0.4,1.0,-1.5,2.5,AFC,2016,1
CLE,1,15,.063,264,452,-188,-11.8,1.7,-10.1,-5.2,-4.9,AFC,2016,0
HOU,9,7,.563,279,328,-49,-3.1,0.4,-2.6,-5.3,2.7,AFC,2016,0
TEN,9,7,.563,381,378,3,0.2,-1.2,-1.0,0.7,-1.7,AFC,2016,0
IND,8,8,.500,411,392,19,1.2,-0.8,0.4,3.1,-2.7,AFC,2016,0
JAX,3,13,.188,318,400,-82,-5.1,0.2,-5.0,-2.7,-2.3,AFC,2016,0
KAN,12,4,.750,389,311,78,4.9,0.7,5.6,1.2,4.4,AFC,2016,0
OAK,12,4,.750,416,385,31,1.9,1.3,3.3,3.5,-0.3,AFC,2016,0
DEN,9,7,.563,333,297,36,2.3,1.8,4.0,-2.0,6.1,AFC,2016,0
SDG,5,11,.313,410,423,-13,-0.8,0.9,0.1,3.0,-3.0,AFC,2016,0
DAL,13,3,.813,421,306,115,7.2,-0.2,7.0,4.1,2.9,NFC,2016,0
NYG,11,5,.688,310,284,26,1.6,0.5,2.1,-3.2,5.4,NFC,2016,0
WAS,8,7,.531,396,383,13,0.8,1.2,2.0,3.3,-1.3,NFC,2016,1
PHI,7,9,.438,367,331,36,2.3,1.6,3.8,1.3,2.5,NFC,2016,0
GNB,10,6,.625,432,388,44,2.8,0.1,2.8,4.9,-2.0,NFC,2016,0
DET,9,7,.563,346,358,-12,-0.8,-0.6,-1.4,-1.3,-0.1,NFC,2016,0
MIN,8,8,.500,327,307,20,1.3,-0.3,0.9,-2.6,3.6,NFC,2016,0
CHI,3,13,.188,279,399,-120,-7.5,0.0,-7.5,-5.2,-2.3,NFC,2016,0
ATL,11,5,.688,540,406,134,8.4,0.1,8.5,10.5,-2.0,NFC,2016,0
TAM,9,7,.563,354,369,-15,-0.9,0.7,-0.2,-1.5,1.3,NFC,2016,0
NOR,7,9,.438,469,454,15,0.9,0.6,1.5,6.8,-5.3,NFC,2016,0
CAR,6,10,.375,369,402,-33,-2.1,1.1,-1.0,-0.2,-0.8,NFC,2016,0
SEA,10,5,.656,354,292,62,3.9,-1.7,2.1,-2.4,4.5,NFC,2016,1
ARI,7,8,.469,418,362,56,3.5,-1.9,1.6,2.4,-0.8,NFC,2016,1
LAR,4,12,.250,224,394,-170,-10.6,-0.5,-11.1,-9.5,-1.6,NFC,2016,0
SFO,2,14,.125,309,480,-171,-10.7,-0.5,-11.2,-3.7,-7.5,NFC,2016,0
NWE,13,3,.813,458,296,162,10.1,-1.2,8.9,6.3,2.6,AFC,2017,
BUF,9,7,.563,302,359,-57,-3.6,-0.5,-4.0,-3.0,-1.0,AFC,2017,
MIA,6,10,.375,281,393,-112,-7.0,0.7,-6.3,-3.9,-2.4,AFC,2017,
NYJ,5,11,.313,298,382,-84,-5.3,0.3,-4.9,-2.9,-2.1,AFC,2017,
PIT,13,3,.813,406,308,98,6.1,-1.1,5.0,3.2,1.8,AFC,2017,
BAL,9,7,.563,395,303,92,5.8,-2.4,3.4,2.2,1.2,AFC,2017,
CIN,7,9,.438,290,349,-59,-3.7,-1.3,-5.0,-4.1,-0.9,AFC,2017,
CLE,0,16,.000,234,410,-176,-11.0,0.0,-11.0,-6.8,-4.1,AFC,2017,
JAX,10,6,.625,417,268,149,9.3,-2.8,6.5,3.0,3.6,AFC,2017,
TEN,9,7,.563,334,356,-22,-1.4,-2.1,-3.5,-2.0,-1.5,AFC,2017,
IND,4,12,.250,263,404,-141,-8.8,-1.3,-10.1,-6.1,-4.0,AFC,2017,
HOU,4,12,.250,338,436,-98,-6.1,-0.3,-6.4,-0.8,-5.6,AFC,2017,
KAN,10,6,.625,415,339,76,4.8,-1.3,3.4,3.8,-0.3,AFC,2017,
LAC,9,7,.563,355,272,83,5.2,-1.5,3.6,-0.3,4.0,AFC,2017,
OAK,6,10,.375,301,373,-72,-4.5,-0.2,-4.7,-3.0,-1.8,AFC,2017,
DEN,5,11,.313,289,382,-93,-5.8,-0.9,-6.7,-3.9,-2.9,AFC,2017,
PHI,13,3,.813,457,295,162,10.1,-0.7,9.4,7.0,2.5,NFC,2017,
DAL,9,7,.563,354,332,22,1.4,0.2,1.6,0.4,1.2,NFC,2017,
WAS,7,9,.438,342,388,-46,-2.9,1.6,-1.3,0.5,-1.8,NFC,2017,
NYG,3,13,.188,246,388,-142,-8.9,1.3,-7.6,-6.4,-1.2,NFC,2017,
MIN,13,3,.813,382,252,130,8.1,1.0,9.1,2.3,6.8,NFC,2017,
DET,9,7,.563,410,376,34,2.1,0.6,2.7,5.2,-2.5,NFC,2017,
GNB,7,9,.438,320,384,-64,-4.0,2.1,-1.9,-0.3,-1.6,NFC,2017,
CHI,5,11,.313,264,320,-56,-3.5,2.2,-1.3,-4.6,3.3,NFC,2017,
NOR,11,5,.688,448,326,122,7.6,1.5,9.2,7.0,2.2,NFC,2017,
CAR,11,5,.688,363,327,36,2.3,2.1,4.3,1.7,2.7,NFC,2017,
ATL,10,6,.625,353,315,38,2.4,1.9,4.3,1.1,3.2,NFC,2017,
TAM,5,11,.313,335,382,-47,-2.9,1.7,-1.3,0.4,-1.7,NFC,2017,
LAR,11,5,.688,478,329,149,9.3,-0.2,9.2,8.2,1.0,NFC,2017,
SEA,9,7,.563,366,332,34,2.1,-0.2,1.9,0.7,1.2,NFC,2017,
ARI,8,8,.500,295,361,-66,-4.1,0.4,-3.7,-4.0,0.2,NFC,2017,
SFO,6,10,.375,331,383,-52,-3.3,0.4,-2.9,-0.8,-2.1,NFC,2017,
NWE,11,5,.688,436,325,111,6.9,-1.8,5.2,3.1,2.1,AFC,2018,0
MIA,7,9,.438,319,433,-114,-7.1,-1.7,-8.8,-3.6,-5.2,AFC,2018,0
BUF,6,10,.375,269,374,-105,-6.6,-0.3,-6.9,-6.3,-0.6,AFC,2018,0
NYJ,4,12,.250,333,441,-108,-6.8,-1.1,-7.8,-2.0,-5.9,AFC,2018,0
BAL,10,6,.625,389,287,102,6.4,0.6,7.0,0.6,6.4,AFC,2018,0
PIT,9,6,.594,428,360,68,4.3,1.3,5.6,3.9,1.7,AFC,2018,1
CLE,7,8,.469,359,392,-33,-2.1,1.7,-0.3,-1.0,0.6,AFC,2018,1
CIN,6,10,.375,368,455,-87,-5.4,2.0,-3.4,0.0,-3.4,AFC,2018,0
HOU,11,5,.688,402,316,86,5.4,-1.5,3.8,2.4,1.4,AFC,2018,0
IND,10,6,.625,433,344,89,5.6,-2.2,3.4,3.9,-0.6,AFC,2018,0
TEN,9,7,.563,310,303,7,0.4,-0.2,0.2,-3.2,3.5,AFC,2018,0
JAX,5,11,.313,245,316,-71,-4.4,0.4,-4.0,-8.1,4.0,AFC,2018,0
KAN,12,4,.750,565,421,144,9.0,-0.1,8.9,12.6,-3.8,AFC,2018,0
LAC,12,4,.750,428,329,99,6.2,-0.2,6.0,3.0,2.9,AFC,2018,0
DEN,6,10,.375,329,349,-20,-1.3,0.7,-0.5,-3.6,3.1,AFC,2018,0
OAK,4,12,.250,290,467,-177,-11.1,1.8,-9.3,-5.2,-4.1,AFC,2018,0
DAL,10,6,.625,339,324,15,0.9,0.2,1.1,-1.9,2.9,NFC,2018,0
PHI,9,7,.563,367,348,19,1.2,0.5,1.7,0.0,1.8,NFC,2018,0
WAS,7,9,.438,281,359,-78,-4.9,-0.1,-4.9,-5.6,0.6,NFC,2018,0
NYG,5,11,.313,369,412,-43,-2.7,0.5,-2.2,0.8,-2.9,NFC,2018,0
CHI,12,4,.750,421,283,138,8.6,-2.3,6.3,1.5,4.8,NFC,2018,0
MIN,8,7,.531,360,341,19,1.2,-0.6,0.6,-1.2,1.8,NFC,2018,1
GNB,6,9,.406,376,400,-24,-1.5,-1.2,-2.7,0.0,-2.7,NFC,2018,1
DET,6,10,.375,324,360,-36,-2.3,-0.8,-3.0,-3.3,0.3,NFC,2018,0
NOR,13,3,.813,504,353,151,9.4,0.6,10.1,7.9,2.2,NFC,2018,0
ATL,7,9,.438,414,423,-9,-0.6,0.4,-0.1,2.5,-2.6,NFC,2018,0
CAR,7,9,.438,376,382,-6,-0.4,1.3,0.9,0.1,0.8,NFC,2018,0
TAM,5,11,.313,396,464,-68,-4.3,1.7,-2.6,2.0,-4.6,NFC,2018,0
LAR,13,3,.813,527,384,143,8.9,-0.4,8.5,9.5,-1.1,NFC,2018,0
SEA,10,6,.625,428,347,81,5.1,-0.6,4.5,3.0,1.5,NFC,2018,0
SFO,4,12,.250,342,435,-93,-5.8,0.3,-5.5,-2.5,-3.1,NFC,2018,0
ARI,3,13,.188,225,425,-200,-12.5,1.0,-11.5,-9.6,-1.9,NFC,2018,0
NWE,12,4,.750,420,225,195,12.2,-1.8,10.4,2.8,7.6,AFC,2019,0
BUF,10,6,.625,314,259,55,3.4,-1.3,2.2,-3.5,5.7,AFC,2019,0
NYJ,7,9,.438,276,359,-83,-5.2,-1.1,-6.3,-5.7,-0.6,AFC,2019,0
MIA,5,11,.313,306,494,-188,-11.8,0.2,-11.6,-2.4,-9.1,AFC,2019,0
BAL,14,2,.875,531,282,249,15.6,0.1,15.6,11.0,4.7,AFC,2019,0
PIT,8,8,.500,289,303,-14,-0.9,1.2,0.3,-4.3,4.6,AFC,2019,0
CLE,6,10,.375,335,393,-58,-3.6,1.7,-1.9,-0.4,-1.5,AFC,2019,0
CIN,2,14,.125,279,420,-141,-8.8,1.5,-7.3,-4.4,-2.9,AFC,2019,0
HOU,10,6,.625,378,385,-7,-0.4,1.0,0.5,1.0,-0.5,AFC,2019,0
TEN,9,7,.563,402,331,71,4.4,-1.0,3.4,1.8,1.7,AFC,2019,0
IND,7,9,.438,361,373,-12,-0.8,-1.1,-1.8,-1.0,-0.8,AFC,2019,0
JAX,6,10,.375,300,397,-97,-6.1,-0.6,-6.7,-4.6,-2.1,AFC,2019,0
KAN,12,4,.750,451,308,143,8.9,0.2,9.1,6.2,2.9,AFC,2019,0
DEN,7,9,.438,282,316,-34,-2.1,0.0,-2.1,-4.8,2.7,AFC,2019,0
OAK,7,9,.438,313,419,-106,-6.6,-0.3,-6.9,-2.5,-4.4,AFC,2019,0
LAC,5,11,.313,337,345,-8,-0.5,-0.8,-1.3,-1.6,0.3,AFC,2019,0
PHI,9,7,.563,385,354,31,1.9,-1.7,0.3,0.7,-0.4,NFC,2019,0
DAL,8,8,.500,434,321,113,7.1,-1.8,5.3,3.8,1.5,NFC,2019,0
NYG,4,12,.250,341,451,-110,-6.9,-1.0,-7.9,-1.8,-6.1,NFC,2019,0
WAS,3,13,.188,266,435,-169,-10.6,-0.2,-10.8,-6.3,-4.5,NFC,2019,0
GNB,13,3,.813,376,313,63,3.9,-0.7,3.2,0.6,2.6,NFC,2019,0
MIN,10,6,.625,407,303,104,6.5,-1.1,5.4,2.5,2.9,NFC,2019,0
CHI,8,8,.500,280,298,-18,-1.1,0.2,-0.9,-5.4,4.5,NFC,2019,0
DET,3,12,.219,341,423,-82,-5.1,-0.1,-5.2,-1.2,-4.0,NFC,2019,1
NOR,13,3,.813,458,341,117,7.3,0.0,7.4,5.0,2.3,NFC,2019,0
ATL,7,9,.438,381,399,-18,-1.1,1.1,-0.1,0.3,-0.4,NFC,2019,0
TAM,7,9,.438,458,449,9,0.6,-0.2,0.4,4.9,-4.5,NFC,2019,0
CAR,5,11,.313,340,470,-130,-8.1,1.1,-7.0,-1.9,-5.1,NFC,2019,0
SFO,13,3,.813,479,310,169,10.6,0.4,11.0,6.7,4.3,NFC,2019,0
SEA,11,5,.688,405,398,7,0.4,2.3,2.7,2.9,-0.2,NFC,2019,0
LAR,9,7,.563,394,364,30,1.9,2.0,3.9,2.2,1.7,NFC,2019,0
ARI,5,10,.344,361,442,-81,-5.1,1.8,-3.2,-0.3,-2.9,NFC,2019,1
BUF,13,3,.813,501,375,126,7.9,-0.2,7.7,7.1,0.6,AFC,2020,0
MIA,10,6,.625,404,338,66,4.1,-1.2,3.0,0.3,2.7,AFC,2020,0
NWE,7,9,.438,326,353,-27,-1.7,0.7,-1.0,-4.2,3.2,AFC,2020,0
NYJ,2,14,.125,243,457,-214,-13.4,1.9,-11.5,-8.7,-2.8,AFC,2020,0
PIT,12,4,.750,416,312,104,6.5,-1.8,4.7,0.3,4.4,AFC,2020,0
BAL,11,5,.688,468,303,165,10.3,-2.0,8.3,3.9,4.3,AFC,2020,0
CLE,11,5,.688,408,419,-11,-0.7,-1.9,-2.6,0.3,-2.8,AFC,2020,0
CIN,4,11,.281,311,424,-113,-7.1,-0.4,-7.5,-5.4,-2.1,AFC,2020,1
TEN,11,5,.688,491,439,52,3.3,-1.7,1.6,4.7,-3.1,AFC,2020,0
IND,11,5,.688,451,362,89,5.6,-2.8,2.8,1.2,1.6,AFC,2020,0
HOU,4,12,.250,384,464,-80,-5.0,-0.5,-5.5,-1.4,-4.1,AFC,2020,0
JAX,1,15,.063,306,492,-186,-11.6,-0.1,-11.7,-6.5,-5.3,AFC,2020,0
KAN,14,2,.875,473,362,111,6.9,-0.1,6.8,4.5,2.3,AFC,2020,0
LVR,8,8,.500,434,478,-44,-2.8,0.8,-2.0,2.9,-4.9,AFC,2020,0
LAC,7,9,.438,384,426,-42,-2.6,-0.3,-2.9,-1.0,-2.0,AFC,2020,0
DEN,5,11,.313,323,446,-123,-7.7,1.7,-6.0,-4.3,-1.7,AFC,2020,0
WAS,7,9,.438,335,329,6,0.4,-1.2,-0.8,-4.1,3.2,NFC,2020,0
NYG,6,10,.375,280,357,-77,-4.8,0.4,-4.4,-6.7,2.3,NFC,2020,0
DAL,6,10,.375,395,473,-78,-4.9,-0.2,-5.1,1.0,-6.1,NFC,2020,0
PHI,4,11,.281,334,418,-84,-5.3,0.8,-4.4,-2.8,-1.6,NFC,2020,1
GNB,13,3,.813,509,369,140,8.8,-1.1,7.7,5.9,1.8,NFC,2020,0
CHI,8,8,.500,372,370,2,0.1,0.1,0.2,-2.2,2.4,NFC,2020,0
MIN,7,9,.438,430,475,-45,-2.8,0.4,-2.4,1.3,-3.8,NFC,2020,0
DET,5,11,.313,377,519,-142,-8.9,1.2,-7.7,-1.0,-6.7,NFC,2020,0
NOR,12,4,.750,482,337,145,9.1,0.5,9.6,5.1,4.5,NFC,2020,0
TAM,11,5,.688,492,355,137,8.6,0.8,9.4,6.5,2.8,NFC,2020,0
CAR,5,11,.313,350,402,-52,-3.3,2.2,-1.1,-2.4,1.3,NFC,2020,0
ATL,4,12,.250,396,414,-18,-1.1,1.9,0.7,-0.1,0.8,NFC,2020,0
SEA,12,4,.750,459,371,88,5.5,0.0,5.5,4.8,0.7,NFC,2020,0
LAR,10,6,.625,372,296,76,4.8,0.7,5.4,-0.8,6.2,NFC,2020,0
ARI,8,8,.500,410,367,43,2.7,-0.1,2.6,1.5,1.0,NFC,2020,0
SFO,6,10,.375,376,390,-14,-0.9,1.7,0.8,0.2,0.7,NFC,2020,0
BUF,11,6,.647,483,289,194,11.4,-1.6,9.8,5.0,4.8,AFC,2021,0
NWE,10,7,.588,462,303,159,9.4,-0.9,8.5,3.6,4.8,AFC,2021,0
MIA,9,8,.529,341,373,-32,-1.9,-0.8,-2.7,-3.1,0.3,AFC,2021,0
NYJ,4,13,.235,310,504,-194,-11.4,1.0,-10.4,-3.6,-6.7,AFC,2021,0
CIN,10,7,.588,460,376,84,4.9,-1.9,3.1,3.4,-0.3,AFC,2021,0
PIT,9,7,.559,343,398,-55,-3.2,0.8,-2.5,-2.6,0.1,AFC,2021,1
CLE,8,9,.471,349,371,-22,-1.3,0.0,-1.3,-2.7,1.3,AFC,2021,0
BAL,8,9,.471,387,392,-5,-0.3,0.0,-0.3,-0.3,0.0,AFC,2021,0
TEN,12,5,.706,419,354,65,3.8,-0.4,3.4,1.8,1.6,AFC,2021,0
IND,9,8,.529,451,365,86,5.1,-0.6,4.4,3.3,1.1,AFC,2021,0
HOU,4,13,.235,280,452,-172,-10.1,0.4,-9.7,-6.3,-3.4,AFC,2021,0
JAX,3,14,.176,253,457,-204,-12.0,0.6,-11.4,-7.7,-3.7,AFC,2021,0
KAN,12,5,.706,480,364,116,6.8,0.6,7.4,5.4,2.0,AFC,2021,0
LVR,10,7,.588,374,439,-65,-3.8,0.6,-3.3,-0.7,-2.6,AFC,2021,0
LAC,9,8,.529,474,459,15,0.9,0.2,1.1,5.3,-4.2,AFC,2021,0
DEN,7,10,.412,335,322,13,0.8,-1.3,-0.5,-4.7,4.2,AFC,2021,0
DAL,12,5,.706,530,358,172,10.1,-0.2,9.9,8.2,1.7,NFC,2021,0
PHI,9,8,.529,444,385,59,3.5,-1.0,2.5,2.6,-0.1,NFC,2021,0
WAS,7,10,.412,335,434,-99,-5.8,1.6,-4.2,-2.7,-1.5,NFC,2021,0
NYG,4,13,.235,258,416,-158,-9.3,1.0,-8.3,-7.7,-0.6,NFC,2021,0
GNB,13,4,.765,450,371,79,4.6,-0.2,4.4,3.5,1.0,NFC,2021,0
MIN,8,9,.471,425,426,-1,-0.1,0.3,0.3,1.9,-1.6,NFC,2021,0
CHI,6,11,.353,311,407,-96,-5.6,0.5,-5.2,-4.9,-0.3,NFC,2021,0
DET,3,13,.206,325,467,-142,-8.4,0.6,-7.8,-3.5,-4.3,NFC,2021,1
TAM,13,4,.765,511,353,158,9.3,-0.7,8.6,7.3,1.3,NFC,2021,0
NOR,9,8,.529,364,335,29,1.7,0.3,2.0,-1.5,3.6,NFC,2021,0
ATL,7,10,.412,313,459,-146,-8.6,0.1,-8.5,-4.2,-4.3,NFC,2021,0
CAR,5,12,.294,304,404,-100,-5.9,0.4,-5.5,-5.0,-0.5,NFC,2021,0
LAR,12,5,.706,460,372,88,5.2,0.1,5.3,4.2,1.1,NFC,2021,0
ARI,11,6,.647,449,366,83,4.9,0.3,5.2,3.6,1.6,NFC,2021,0
SFO,10,7,.588,427,365,62,3.6,0.1,3.8,1.8,1.9,NFC,2021,0
SEA,7,10,.412,395,366,29,1.7,0.2,1.9,0.4,1.5,NFC,2021,0
BUF,13,3,.813,455,286,169,10.6,0.4,10.9,7.1,3.8,AFC,2022,0
MIA,9,8,.529,397,399,-2,-0.1,2.0,1.8,2.7,-0.9,AFC,2022,0
NWE,8,9,.471,364,347,17,1.0,1.0,2.0,-0.3,2.3,AFC,2022,0
NYJ,7,10,.412,296,316,-20,-1.2,2.0,0.8,-4.0,4.8,AFC,2022,0
CIN,12,4,.750,418,322,96,6.0,0.9,6.9,5.5,1.4,AFC,2022,0
BAL,10,7,.588,350,315,35,2.1,1.1,3.1,-0.2,3.4,AFC,2022,0
PIT,9,8,.529,308,346,-38,-2.2,1.5,-0.8,-3.0,2.3,AFC,2022,0
CLE,7,10,.412,361,381,-20,-1.2,1.1,-0.1,0.7,-0.9,AFC,2022,0
JAX,9,8,.529,404,350,54,3.2,-1.4,1.8,1.6,0.2,AFC,2022,0
TEN,7,10,.412,298,359,-61,-3.6,0.0,-3.6,-4.7,1.1,AFC,2022,0
IND,4,12,.265,289,427,-138,-8.1,-0.5,-8.6,-4.9,-3.7,AFC,2022,1
HOU,3,13,.206,289,420,-131,-7.7,-0.8,-8.5,-5.4,-3.1,AFC,2022,1
KAN,14,3,.824,496,369,127,7.5,-1.2,6.2,6.8,-0.6,AFC,2022,0
LAC,10,7,.588,391,384,7,0.4,-1.3,-0.9,0.1,-1.0,AFC,2022,0
LVR,6,11,.353,395,418,-23,-1.4,-1.1,-2.5,1.2,-3.7,AFC,2022,0
DEN,5,12,.294,287,359,-72,-4.2,-0.7,-5.0,-5.6,0.6,AFC,2022,0
PHI,14,3,.824,477,344,133,7.8,-1.3,6.5,5.8,0.7,NFC,2022,0
DAL,12,5,.706,467,342,125,7.4,-0.8,6.5,5.3,1.3,NFC,2022,0
NYG,9,7,.559,365,371,-6,-0.4,0.0,-0.4,-0.8,0.4,NFC,2022,1
WAS,8,8,.500,321,343,-22,-1.3,0.4,-0.9,-3.5,2.6,NFC,2022,1
MIN,13,4,.765,424,427,-3,-0.2,0.1,-0.1,2.8,-2.9,NFC,2022,0
DET,9,8,.529,453,427,26,1.5,0.7,2.2,4.7,-2.4,NFC,2022,0
GNB,8,9,.471,370,371,-1,-0.1,0.4,0.3,-0.3,0.6,NFC,2022,0
CHI,3,14,.176,326,463,-137,-8.1,1.6,-6.4,-2.5,-4.0,NFC,2022,0
TAM,8,9,.471,313,358,-45,-2.6,0.4,-2.3,-3.3,1.1,NFC,2022,0
CAR,7,10,.412,347,374,-27,-1.6,-0.6,-2.2,-1.3,-0.9,NFC,2022,0
NOR,7,10,.412,330,345,-15,-0.9,-0.3,-1.2,-2.8,1.7,NFC,2022,0
ATL,7,10,.412,365,386,-21,-1.2,-0.9,-2.1,-0.1,-2.0,NFC,2022,0
SFO,13,4,.765,450,277,173,10.2,-2.3,7.9,3.3,4.6,NFC,2022,0
SEA,9,8,.529,407,401,6,0.4,-0.8,-0.5,1.9,-2.4,NFC,2022,0
LAR,5,12,.294,307,384,-77,-4.5,0.5,-4.0,-4.1,0.0,NFC,2022,0
ARI,4,13,.235,340,449,-109,-6.4,0.2,-6.2,-1.9,-4.3,NFC,2022,0
BUF,11,6,.647,451,311,140,8.2,-1.8,6.5,4.1,2.3,AFC,2023,
MIA,11,6,.647,496,391,105,6.2,-1.8,4.4,7.6,-3.1,AFC,2023,
NYJ,7,10,.412,268,355,-87,-5.1,-0.6,-5.8,-6.7,0.9,AFC,2023,
NWE,4,13,.235,236,366,-130,-7.6,-0.2,-7.9,-8.5,0.6,AFC,2023,
BAL,13,4,.765,483,280,203,11.9,1.2,13.2,6.7,6.5,AFC,2023,
CLE,11,6,.647,396,362,34,2.0,1.3,3.3,2.4,0.9,AFC,2023,
PIT,10,7,.588,304,324,-20,-1.2,1.9,0.7,-3.0,3.7,AFC,2023,
CIN,9,8,.529,366,384,-18,-1.1,2.8,1.7,1.3,0.4,AFC,2023,
HOU,10,7,.588,377,353,24,1.4,-1.0,0.4,0.3,0.1,AFC,2023,
JAX,9,8,.529,377,371,6,0.4,1.1,1.4,1.3,0.1,AFC,2023,
IND,9,8,.529,396,415,-19,-1.1,-0.2,-1.3,2.4,-3.8,AFC,2023,
TEN,6,11,.353,305,367,-62,-3.6,0.4,-3.2,-4.0,0.7,AFC,2023,
KAN,11,6,.647,371,294,77,4.5,-0.8,3.7,-0.6,4.4,AFC,2023,
LVR,8,9,.471,332,331,1,0.1,-0.9,-0.9,-2.4,1.6,AFC,2023,
DEN,8,9,.471,357,413,-56,-3.3,-0.5,-3.8,-0.8,-3.0,AFC,2023,
LAC,5,12,.294,346,398,-52,-3.1,0.9,-2.2,-0.6,-1.6,AFC,2023,
DAL,12,5,.706,509,315,194,11.4,-2.2,9.2,6.5,2.7,NFC,2023,
PHI,11,6,.647,433,428,5,0.3,-0.4,-0.1,3.6,-3.7,NFC,2023,
NYG,6,11,.353,266,407,-141,-8.3,0.4,-7.9,-6.9,-1.0,NFC,2023,
WAS,4,13,.235,329,518,-189,-11.1,0.0,-11.1,-2.8,-8.4,NFC,2023,
DET,12,5,.706,461,395,66,3.9,0.4,4.3,6.0,-1.8,NFC,2023,
GNB,9,8,.529,383,350,33,1.9,-0.8,1.2,0.9,0.2,NFC,2023,
MIN,7,10,.412,344,362,-18,-1.1,0.5,-0.6,-1.6,1.0,NFC,2023,
CHI,7,10,.412,360,379,-19,-1.1,-0.9,-2.0,-1.2,-0.9,NFC,2023,
TAM,9,8,.529,348,325,23,1.4,-0.3,1.1,-1.6,2.7,NFC,2023,
NOR,9,8,.529,402,327,75,4.4,-2.2,2.2,1.7,0.5,NFC,2023,
ATL,7,10,.412,321,373,-52,-3.1,-1.9,-5.0,-3.6,-1.4,NFC,2023,
CAR,2,15,.118,236,416,-180,-10.6,0.7,-9.9,-7.9,-2.0,NFC,2023,
SFO,12,5,.706,491,298,193,11.4,0.4,11.8,7.1,4.7,NFC,2023,
LAR,10,7,.588,404,377,27,1.6,1.4,3.0,2.0,1.0,NFC,2023,
SEA,9,8,.529,364,402,-38,-2.2,1.3,-1.0,-0.2,-0.8,NFC,2023,
ARI,4,13,.235,330,455,-125,-7.4,1.9,-5.4,-1.8,-3.7,NFC,2023,
BUF,13,4,.765,525,368,157,9.2,-1.1,8.1,7.8,0.3,AFC,2024,
MIA,8,9,.471,345,364,-19,-1.1,-1.9,-3.0,-3.5,0.4,AFC,2024,
NYJ,5,12,.294,338,404,-66,-3.9,-0.5,-4.3,-3.0,-1.4,AFC,2024,
NWE,4,13,.235,289,417,-128,-7.5,-0.6,-8.1,-6.2,-1.9,AFC,2024,
BAL,12,5,.706,518,361,157,9.2,0.6,9.9,8.0,1.9,AFC,2024,
PIT,10,7,.588,380,347,33,1.9,0.1,2.1,-0.7,2.8,AFC,2024,
CIN,9,8,.529,472,434,38,2.2,-0.8,1.4,5.0,-3.6,AFC,2024,
CLE,3,14,.176,258,435,-177,-10.4,1.2,-9.2,-7.1,-2.1,AFC,2024,
HOU,10,7,.588,372,372,0,0.0,-0.7,-0.7,-1.5,0.8,AFC,2024,
IND,8,9,.471,377,427,-50,-2.9,-0.7,-3.7,-0.5,-3.2,AFC,2024,
JAX,4,13,.235,320,435,-115,-6.8,-0.8,-7.5,-4.2,-3.4,AFC,2024,
TEN,3,14,.176,311,460,-149,-8.8,0.4,-8.4,-4.7,-3.7,AFC,2024,
KAN,15,2,.882,385,326,59,3.5,0.7,4.2,-0.2,4.4,AFC,2024,
LAC,11,6,.647,402,301,101,5.9,-0.6,5.3,0.6,4.7,AFC,2024,
DEN,10,7,.588,425,311,114,6.7,-0.3,6.4,2.1,4.3,AFC,2024,
LVR,4,13,.235,309,434,-125,-7.4,1.0,-6.4,-3.9,-2.5,AFC,2024,
PHI,14,3,.824,463,303,160,9.4,-1.7,7.7,3.0,4.7,NFC,2024,
WAS,12,5,.706,485,391,94,5.5,-1.8,3.7,4.9,-1.2,NFC,2024,
DAL,7,10,.412,350,468,-118,-6.9,0.6,-6.3,-2.6,-3.7,NFC,2024,
NYG,3,14,.176,273,415,-142,-8.4,0.3,-8.0,-7.5,-0.5,NFC,2024,
DET,15,2,.882,564,342,222,13.1,0.7,13.8,10.6,3.2,NFC,2024,
MIN,14,3,.824,432,332,100,5.9,0.3,6.2,2.8,3.4,NFC,2024,
GNB,11,6,.647,460,338,122,7.2,0.9,8.1,4.9,3.2,NFC,2024,
CHI,5,12,.294,310,370,-60,-3.5,1.2,-2.3,-4.8,2.4,NFC,2024,
TAM,10,7,.588,502,385,117,6.9,-0.4,6.4,6.0,0.4,NFC,2024,
ATL,8,9,.471,389,423,-34,-2.0,-0.2,-2.2,0.0,-2.2,NFC,2024,
CAR,5,12,.294,341,534,-193,-11.4,0.4,-11.0,-2.6,-8.4,NFC,2024,
NOR,5,12,.294,338,398,-60,-3.5,-0.6,-4.1,-3.6,-0.5,NFC,2024,
LAR,10,7,.588,367,386,-19,-1.1,1.1,-0.1,-0.6,0.6,NFC,2024,
SEA,10,7,.588,375,368,7,0.4,0.8,1.3,-0.3,1.5,NFC,2024,
ARI,8,9,.471,400,379,21,1.2,0.9,2.1,0.8,1.2,NFC,2024,
SFO,6,11,.353,389,436,-47,-2.8,1.6,-1.2,0.9,-2.1,NFC,2024,
